<keymap version="1" name="Daniel" parent="VSCode">
  <action id="$Copy">
    <keyboard-shortcut first-keystroke="ctrl c" />
    <keyboard-shortcut first-keystroke="ctrl insert" />
    <keyboard-shortcut first-keystroke="alt y" second-keystroke="y" />
  </action>
  <action id="$Delete">
    <keyboard-shortcut first-keystroke="delete" />
    <keyboard-shortcut first-keystroke="alt a" second-keystroke="d" />
  </action>
  <action id="$Paste">
    <keyboard-shortcut first-keystroke="ctrl v" />
    <keyboard-shortcut first-keystroke="shift insert" />
    <keyboard-shortcut first-keystroke="alt y" second-keystroke="p" />
  </action>
  <action id="ActivateCommitToolWindow">
    <keyboard-shortcut first-keystroke="alt 0" />
    <keyboard-shortcut first-keystroke="alt g" />
  </action>
  <action id="ActivateDebugToolWindow">
    <keyboard-shortcut first-keystroke="shift ctrl d" />
    <keyboard-shortcut first-keystroke="alt back_slash" />
  </action>
  <action id="ActivateFavoritesToolWindow">
    <keyboard-shortcut first-keystroke="alt t" second-keystroke="s" />
  </action>
  <action id="ActivateFindToolWindow">
    <keyboard-shortcut first-keystroke="alt t" second-keystroke="f" />
  </action>
  <action id="ActivateProblemsViewToolWindow">
    <keyboard-shortcut first-keystroke="alt t" second-keystroke="p" />
  </action>
  <action id="ActivateProjectToolWindow">
    <keyboard-shortcut first-keystroke="shift ctrl e" />
    <keyboard-shortcut first-keystroke="alt e" />
  </action>
  <action id="ActivateServicesToolWindow" />
  <action id="ActivateStructureToolWindow">
    <keyboard-shortcut first-keystroke="alt o" />
  </action>
  <action id="CloseAllEditors">
    <keyboard-shortcut first-keystroke="ctrl k" second-keystroke="ctrl w" />
    <keyboard-shortcut first-keystroke="ctrl alt w" />
    <keyboard-shortcut first-keystroke="shift alt w" />
  </action>
  <action id="CloseContent">
    <keyboard-shortcut first-keystroke="ctrl w" />
    <keyboard-shortcut first-keystroke="alt w" />
  </action>
  <action id="CollapseAll">
    <keyboard-shortcut first-keystroke="ctrl subtract" />
    <keyboard-shortcut first-keystroke="shift h" />
  </action>
  <action id="CollapseAllRegions">
    <keyboard-shortcut first-keystroke="ctrl k" second-keystroke="ctrl 0" />
    <keyboard-shortcut first-keystroke="shift ctrl h" />
  </action>
  <action id="CollapseTreeNode">
    <keyboard-shortcut first-keystroke="subtract" />
    <keyboard-shortcut first-keystroke="h" />
  </action>
  <action id="Debug">
    <keyboard-shortcut first-keystroke="f5" />
    <keyboard-shortcut first-keystroke="alt d" second-keystroke="d" />
  </action>
  <action id="Editor Copy">
    <keyboard-shortcut first-keystroke="alt y" second-keystroke="y" />
  </action>
  <action id="Editor Delete">
    <keyboard-shortcut first-keystroke="alt a" second-keystroke="d" />
  </action>
  <action id="Editor Paste">
    <keyboard-shortcut first-keystroke="alt y" second-keystroke="p" />
  </action>
  <action id="EditorToggleUseSoftWraps" />
  <action id="ExpandAll">
    <keyboard-shortcut first-keystroke="ctrl add" />
    <keyboard-shortcut first-keystroke="shift l" />
  </action>
  <action id="ExpandAllRegions">
    <keyboard-shortcut first-keystroke="shift ctrl l" />
  </action>
  <action id="ExpandTreeNode">
    <keyboard-shortcut first-keystroke="add" />
    <keyboard-shortcut first-keystroke="l" />
  </action>
  <action id="ExportToTextFile" />
  <action id="GoToTab1">
    <keyboard-shortcut first-keystroke="alt 1" />
  </action>
  <action id="GoToTab2">
    <keyboard-shortcut first-keystroke="alt 2" />
  </action>
  <action id="GoToTab3">
    <keyboard-shortcut first-keystroke="alt 3" />
  </action>
  <action id="GoToTab4">
    <keyboard-shortcut first-keystroke="alt 4" />
  </action>
  <action id="GoToTab5">
    <keyboard-shortcut first-keystroke="alt 5" />
  </action>
  <action id="GoToTab6">
    <keyboard-shortcut first-keystroke="alt 6" />
  </action>
  <action id="GoToTab7">
    <keyboard-shortcut first-keystroke="alt 7" />
  </action>
  <action id="GoToTab8">
    <keyboard-shortcut first-keystroke="alt 8" />
  </action>
  <action id="GoToTab9">
    <keyboard-shortcut first-keystroke="alt 9" />
  </action>
  <action id="GotoAction">
    <keyboard-shortcut first-keystroke="shift ctrl p" />
    <keyboard-shortcut first-keystroke="alt x" />
  </action>
  <action id="GotoFile">
    <keyboard-shortcut first-keystroke="ctrl p" />
    <keyboard-shortcut first-keystroke="alt f" />
  </action>
  <action id="GotoSymbol">
    <keyboard-shortcut first-keystroke="ctrl t" />
    <keyboard-shortcut first-keystroke="alt s" />
  </action>
  <action id="HideActiveWindow">
    <keyboard-shortcut first-keystroke="shift escape" />
    <keyboard-shortcut first-keystroke="alt semicolon" />
  </action>
  <action id="HideAllWindows">
    <keyboard-shortcut first-keystroke="ctrl alt quote" />
  </action>
  <action id="HideSideWindows">
    <keyboard-shortcut first-keystroke="ctrl b" />
    <keyboard-shortcut first-keystroke="alt quote" />
  </action>
  <action id="Move">
    <keyboard-shortcut first-keystroke="f6" />
    <keyboard-shortcut first-keystroke="alt m" second-keystroke="m" />
  </action>
  <action id="NewDir">
    <keyboard-shortcut first-keystroke="alt c" second-keystroke="d" />
  </action>
  <action id="NewFile">
    <keyboard-shortcut first-keystroke="alt c" second-keystroke="f" />
  </action>
  <action id="NewScratchFile">
    <keyboard-shortcut first-keystroke="shift ctrl alt insert" />
    <keyboard-shortcut first-keystroke="alt c" second-keystroke="shift f" />
  </action>
  <action id="NextSplitter">
    <keyboard-shortcut first-keystroke="ctrl k" second-keystroke="ctrl right" />
    <keyboard-shortcut first-keystroke="alt l" />
  </action>
  <action id="NextTab">
    <keyboard-shortcut first-keystroke="ctrl page_down" />
    <keyboard-shortcut first-keystroke="ctrl l" />
  </action>
  <action id="PrevSplitter">
    <keyboard-shortcut first-keystroke="ctrl k" second-keystroke="ctrl left" />
    <keyboard-shortcut first-keystroke="alt h" />
  </action>
  <action id="PreviousTab">
    <keyboard-shortcut first-keystroke="ctrl page_up" />
    <keyboard-shortcut first-keystroke="ctrl h" />
  </action>
  <action id="QuickPreview" />
  <action id="RenameElement">
    <keyboard-shortcut first-keystroke="f2" />
    <keyboard-shortcut first-keystroke="alt m" second-keystroke="r" />
  </action>
  <action id="Replace">
    <keyboard-shortcut first-keystroke="alt r" />
  </action>
  <action id="ReplaceInPath">
    <keyboard-shortcut first-keystroke="shift alt r" />
  </action>
  <action id="RerunTests" />
  <action id="Resume">
    <keyboard-shortcut first-keystroke="alt d" second-keystroke="r" />
    <keyboard-shortcut first-keystroke="alt d" second-keystroke="n" />
  </action>
  <action id="SelectAllOccurrences">
    <keyboard-shortcut first-keystroke="ctrl f2" />
  </action>
  <action id="ShowSettings">
    <keyboard-shortcut first-keystroke="ctrl comma" />
    <keyboard-shortcut first-keystroke="alt period" />
  </action>
  <action id="SplitHorizontally">
    <keyboard-shortcut first-keystroke="alt a" second-keystroke="h" />
  </action>
  <action id="SplitVertically">
    <keyboard-shortcut first-keystroke="ctrl back_slash" />
    <keyboard-shortcut first-keystroke="alt a" second-keystroke="v" />
  </action>
  <action id="Stop">
    <keyboard-shortcut first-keystroke="shift f5" />
    <keyboard-shortcut first-keystroke="alt a" second-keystroke="s" />
  </action>
  <action id="SwitchHeaderSource" />
  <action id="Terminal.ClearBuffer" />
  <action id="Terminal.NextSplitter">
    <keyboard-shortcut first-keystroke="ctrl k" second-keystroke="ctrl right" />
  </action>
  <action id="Terminal.PrevSplitter">
    <keyboard-shortcut first-keystroke="ctrl k" second-keystroke="ctrl left" />
    <keyboard-shortcut first-keystroke="alt h" />
  </action>
  <action id="ToggleFullScreen">
    <keyboard-shortcut first-keystroke="alt k" />
  </action>
  <action id="ToggleZenMode">
    <keyboard-shortcut first-keystroke="ctrl k" second-keystroke="z" />
    <keyboard-shortcut first-keystroke="alt z" />
  </action>
  <action id="Uml.CollapseNodes" />
  <action id="Vcs.Log.FocusTextFilter" />
  <action id="Vcs.ToggleAmendCommitMode" />
  <action id="context.load" />
  <action id="tasks.close" />
</keymap>